Manufacturer_Part,Value,LCSC_Part,Footprint,Quantity,Designators
0454.500MR,,C179003,FUSE-SMD_L6.1-W2.7,1,F1
0603WAF330JT5E,33Ω,C23140,R0603,2,"R135,R136"
AC03000002208JAC00,2.2Ω,C3008848,RES-TH_BD4.8-L13.0-P17.00-D0.8,1,R33
CL10B104KA8NNNC,100nF,C1590,C0603,1,C21
CL21A106KOQNNNE,10uF,C1713,C0805,1,C22
EEUFR1V102,1000uF,C128518,CAP-TH_BD12.5-P5.00-D0.6-FD,1,C77
FCC0805B104K500DT,100nF,C5137467,C0805,41,"C1,C2,C5,C7,C9,C10,C11,C14,C16,C18,C19,C23,C24,C27,C29,C31,C32,C33,C36,C38,C40,C41,C42,C45,C47,C49,C50,C51,C54,C56,C58,C59,C60,C63,C65,C67,C68,C69,C72,C74,C76"
FRC0603F1002TS,10kΩ,C2906982,R0603,64,"R5,R6,R9,R10,R13,R14,R21,R22,R25,R26,R29,R30,R31,R32,R35,R36,R42,R43,R46,R47,R50,R51,R52,R53,R58,R59,R62,R63,R66,R67,R68,R69,R74,R75,R78,R79,R82,R83,R84,R85,R90,R91,R94,R95,R98,R99,R100,R101,R106,R107,R110,R111,R114,R115,R116,R117,R122,R123,R126,R127,R130,R131,R132,R133"
FRC0603F2212TS,22.1kΩ,C2960862,R0603,1,R37
FRC0603F6982TS,69.8kΩ,C2930012,R0603,1,R34
HGC0805R7475K500NSLJ,4.7uF,C7472970,C0805,33,"C3,C4,C6,C8,C12,C13,C15,C17,C20,C25,C26,C28,C30,C34,C35,C37,C39,C43,C44,C46,C48,C52,C53,C55,C57,C61,C62,C64,C66,C70,C71,C73,C75"
LMR51410YDBVR,,C35162557,SOT-23-6_L2.9-W1.6-P0.95-LS2.8-BR,1,U27
MA40S4S,,C1519281,SENSOR-TH_BD9.9-P5.00-D0.7_MA40S4S,64,"U6,U7,U8,U9,U10,U11,U12,U13,U19,U20,U21,U22,U23,U24,U25,U26,U34,U35,U36,U37,U38,U39,U40,U41,U47,U48,U49,U50,U51,U52,U53,U54,U60,U61,U62,U63,U64,U65,U66,U67,U73,U74,U75,U76,U77,U78,U79,U80,U86,U87,U88,U89,U90,U91,U92,U93,U99,U100,U101,U102,U103,U104,U105,U106"
PS03W4F1000T5E,100Ω,C2784878,R0603,64,"R1,R2,R3,R4,R7,R8,R11,R12,R17,R18,R19,R20,R23,R24,R27,R28,R38,R39,R40,R41,R44,R45,R48,R49,R54,R55,R56,R57,R60,R61,R64,R65,R70,R71,R72,R73,R76,R77,R80,R81,R86,R87,R88,R89,R92,R93,R96,R97,R102,R103,R104,R105,R108,R109,R112,R113,R118,R119,R120,R121,R124,R125,R128,R129"
PZ254V-12-14P,,C492424,HDR-TH_14P-P2.54-V-M-R2-C7-S2.54,1,H1
RC0603FR-7W10KL,10kΩ,C859110,R0603,4,"R15,R16,R137,R138"
SMBJ13A-13-F,,C135042,SMB_L4.6-W3.6-LS5.3-RD,1,D1
SN74LV595ADR,,C205940,SOIC-16_L9.9-W3.9-P1.27-LS6.0-BL,8,"U1,U14,U29,U42,U55,U68,U81,U94"
SRG0630-8R2-M,8.2uH,C53462990,IND-SMD_L7.4-W6.6,1,L1
TC4427AVOA713,,C624944,SOIC-8_L4.9-W3.9-P1.27-LS6.0-BL,32,"U2,U3,U4,U5,U15,U16,U17,U18,U30,U31,U32,U33,U43,U44,U45,U46,U56,U57,U58,U59,U69,U70,U71,U72,U82,U83,U84,U85,U95,U96,U97,U98"
XT30PW-M20.G.Y,,C30170175,XT30-TH_XT30PW-M20.G.Y,1,U28
