Designator,X_mm,Y_down_mm,CAD_angle_deg,Side,Footprint
C1,69.865,19.3,90,Bottom,C0805
C2,43.865,19.3,90,Bottom,C0805
C3,38.8,22.0,180,Bottom,C0805
C4,64.8,22.0,180,Bottom,C0805
C5,95.865,19.3,90,Bottom,C0805
C6,90.8,22.0,180,Bottom,C0805
C7,121.865,19.3,90,Bottom,C0805
C8,116.8,22.0,180,Bottom,C0805
C9,7.0,18.555,180,Bottom,C0805
C10,69.865,32.3,90,Bottom,C0805
C11,43.865,32.3,90,Bottom,C0805
C12,38.8,35.0,180,Bottom,C0805
C13,64.8,35.0,180,Bottom,C0805
C14,95.865,32.3,90,Bottom,C0805
C15,90.8,35.0,180,Bottom,C0805
C16,121.865,32.3,90,Bottom,C0805
C17,116.8,35.0,180,Bottom,C0805
C18,7.0,31.555,180,Bottom,C0805
C19,14.0,131.5,0,Bottom,C0805
C20,14.0,129.35,0,Bottom,C0805
C21,14.0,136.7,180,Bottom,C0603
C22,31.0,136.0,0,Bottom,C0805
C23,69.865,45.3,90,Bottom,C0805
C24,43.865,45.3,90,Bottom,C0805
C25,38.8,48.0,180,Bottom,C0805
C26,64.8,48.0,180,Bottom,C0805
C27,95.865,45.3,90,Bottom,C0805
C28,90.8,48.0,180,Bottom,C0805
C29,121.865,45.3,90,Bottom,C0805
C30,116.8,48.0,180,Bottom,C0805
C31,7.0,44.555,180,Bottom,C0805
C32,69.865,58.3,90,Bottom,C0805
C33,43.865,58.3,90,Bottom,C0805
C34,38.8,61.0,180,Bottom,C0805
C35,64.8,61.0,180,Bottom,C0805
C36,95.865,58.3,90,Bottom,C0805
C37,90.8,61.0,180,Bottom,C0805
C38,121.865,58.3,90,Bottom,C0805
C39,116.8,61.0,180,Bottom,C0805
C40,7.0,57.555,180,Bottom,C0805
C41,69.865,71.3,90,Bottom,C0805
C42,43.865,71.3,90,Bottom,C0805
C43,38.8,74.0,180,Bottom,C0805
C44,64.8,74.0,180,Bottom,C0805
C45,95.865,71.3,90,Bottom,C0805
C46,90.8,74.0,180,Bottom,C0805
C47,121.865,71.3,90,Bottom,C0805
C48,116.8,74.0,180,Bottom,C0805
C49,7.0,70.555,180,Bottom,C0805
C50,69.865,84.3,90,Bottom,C0805
C51,43.865,84.3,90,Bottom,C0805
C52,38.8,87.0,180,Bottom,C0805
C53,64.8,87.0,180,Bottom,C0805
C54,95.865,84.3,90,Bottom,C0805
C55,90.8,87.0,180,Bottom,C0805
C56,121.865,84.3,90,Bottom,C0805
C57,116.8,87.0,180,Bottom,C0805
C58,7.0,83.555,180,Bottom,C0805
C59,69.865,97.3,90,Bottom,C0805
C60,43.865,97.3,90,Bottom,C0805
C61,38.8,100.0,180,Bottom,C0805
C62,64.8,100.0,180,Bottom,C0805
C63,95.865,97.3,90,Bottom,C0805
C64,90.8,100.0,180,Bottom,C0805
C65,121.865,97.3,90,Bottom,C0805
C66,116.8,100.0,180,Bottom,C0805
C67,7.0,96.555,180,Bottom,C0805
C68,69.865,110.3,90,Bottom,C0805
C69,43.865,110.3,90,Bottom,C0805
C70,38.8,113.0,180,Bottom,C0805
C71,64.8,113.0,180,Bottom,C0805
C72,95.865,110.3,90,Bottom,C0805
C73,90.8,113.0,180,Bottom,C0805
C74,121.865,110.3,90,Bottom,C0805
C75,116.8,113.0,180,Bottom,C0805
C76,7.0,109.555,180,Bottom,C0805
C77,99.0,136.0,0,Bottom,CAP-TH_BD12.5-P5.00-D0.6-FD
D1,89.0,128.0,90,Bottom,SMB_L4.6-W3.6-LS5.3-RD
F1,108.0,126.5,180,Bottom,FUSE-SMD_L6.1-W2.7
H1,48.0,139.0,0,Bottom,HDR-TH_14P-P2.54-V-M-R2-C7-S2.54
L1,21.8,136.0,0,Bottom,IND-SMD_L7.4-W6.6
R1,45.135,28.6,90,Bottom,R0603
R2,42.595,28.6,90,Bottom,R0603
R3,71.135,28.6,90,Bottom,R0603
R4,68.595,28.6,90,Bottom,R0603
R5,75.3,28.3,0,Bottom,R0603
R6,65.7,28.3,0,Bottom,R0603
R7,97.135,28.6,90,Bottom,R0603
R8,94.595,28.6,90,Bottom,R0603
R9,101.3,28.3,0,Bottom,R0603
R10,91.7,28.3,0,Bottom,R0603
R11,123.135,28.6,90,Bottom,R0603
R12,120.595,28.6,90,Bottom,R0603
R13,127.3,28.3,0,Bottom,R0603
R14,117.7,28.3,0,Bottom,R0603
R15,6.5,122.0,0,Bottom,R0603
R16,6.5,124.0,0,Bottom,R0603
R17,45.135,41.6,90,Bottom,R0603
R18,42.595,41.6,90,Bottom,R0603
R19,71.135,41.6,90,Bottom,R0603
R20,68.595,41.6,90,Bottom,R0603
R21,75.3,41.3,0,Bottom,R0603
R22,65.7,41.3,0,Bottom,R0603
R23,97.135,41.6,90,Bottom,R0603
R24,94.595,41.6,90,Bottom,R0603
R25,101.3,41.3,0,Bottom,R0603
R26,91.7,41.3,0,Bottom,R0603
R27,123.135,41.6,90,Bottom,R0603
R28,120.595,41.6,90,Bottom,R0603
R29,127.3,41.3,0,Bottom,R0603
R30,117.7,41.3,0,Bottom,R0603
R31,49.3,28.3,0,Bottom,R0603
R32,39.7,28.3,0,Bottom,R0603
R33,80.0,136.0,0,Bottom,RES-TH_BD4.8-L13.0-P17.00-D0.8
R34,9.5,139.0,0,Bottom,R0603
R35,49.3,41.3,0,Bottom,R0603
R36,39.7,41.3,0,Bottom,R0603
R37,9.5,136.0,0,Bottom,R0603
R38,45.135,54.6,90,Bottom,R0603
R39,42.595,54.6,90,Bottom,R0603
R40,71.135,54.6,90,Bottom,R0603
R41,68.595,54.6,90,Bottom,R0603
R42,75.3,54.3,0,Bottom,R0603
R43,65.7,54.3,0,Bottom,R0603
R44,97.135,54.6,90,Bottom,R0603
R45,94.595,54.6,90,Bottom,R0603
R46,101.3,54.3,0,Bottom,R0603
R47,91.7,54.3,0,Bottom,R0603
R48,123.135,54.6,90,Bottom,R0603
R49,120.595,54.6,90,Bottom,R0603
R50,127.3,54.3,0,Bottom,R0603
R51,117.7,54.3,0,Bottom,R0603
R52,49.3,54.3,0,Bottom,R0603
R53,39.7,54.3,0,Bottom,R0603
R54,45.135,67.6,90,Bottom,R0603
R55,42.595,67.6,90,Bottom,R0603
R56,71.135,67.6,90,Bottom,R0603
R57,68.595,67.6,90,Bottom,R0603
R58,75.3,67.3,0,Bottom,R0603
R59,65.7,67.3,0,Bottom,R0603
R60,97.135,67.6,90,Bottom,R0603
R61,94.595,67.6,90,Bottom,R0603
R62,101.3,67.3,0,Bottom,R0603
R63,91.7,67.3,0,Bottom,R0603
R64,123.135,67.6,90,Bottom,R0603
R65,120.595,67.6,90,Bottom,R0603
R66,127.3,67.3,0,Bottom,R0603
R67,117.7,67.3,0,Bottom,R0603
R68,49.3,67.3,0,Bottom,R0603
R69,39.7,67.3,0,Bottom,R0603
R70,45.135,80.6,90,Bottom,R0603
R71,42.595,80.6,90,Bottom,R0603
R72,71.135,80.6,90,Bottom,R0603
R73,68.595,80.6,90,Bottom,R0603
R74,75.3,80.3,0,Bottom,R0603
R75,65.7,80.3,0,Bottom,R0603
R76,97.135,80.6,90,Bottom,R0603
R77,94.595,80.6,90,Bottom,R0603
R78,101.3,80.3,0,Bottom,R0603
R79,91.7,80.3,0,Bottom,R0603
R80,123.135,80.6,90,Bottom,R0603
R81,120.595,80.6,90,Bottom,R0603
R82,127.3,80.3,0,Bottom,R0603
R83,117.7,80.3,0,Bottom,R0603
R84,49.3,80.3,0,Bottom,R0603
R85,39.7,80.3,0,Bottom,R0603
R86,45.135,93.6,90,Bottom,R0603
R87,42.595,93.6,90,Bottom,R0603
R88,71.135,93.6,90,Bottom,R0603
R89,68.595,93.6,90,Bottom,R0603
R90,75.3,93.3,0,Bottom,R0603
R91,65.7,93.3,0,Bottom,R0603
R92,97.135,93.6,90,Bottom,R0603
R93,94.595,93.6,90,Bottom,R0603
R94,101.3,93.3,0,Bottom,R0603
R95,91.7,93.3,0,Bottom,R0603
R96,123.135,93.6,90,Bottom,R0603
R97,120.595,93.6,90,Bottom,R0603
R98,127.3,93.3,0,Bottom,R0603
R99,117.7,93.3,0,Bottom,R0603
R100,49.3,93.3,0,Bottom,R0603
R101,39.7,93.3,0,Bottom,R0603
R102,45.135,106.6,90,Bottom,R0603
R103,42.595,106.6,90,Bottom,R0603
R104,71.135,106.6,90,Bottom,R0603
R105,68.595,106.6,90,Bottom,R0603
R106,75.3,106.3,0,Bottom,R0603
R107,65.7,106.3,0,Bottom,R0603
R108,97.135,106.6,90,Bottom,R0603
R109,94.595,106.6,90,Bottom,R0603
R110,101.3,106.3,0,Bottom,R0603
R111,91.7,106.3,0,Bottom,R0603
R112,123.135,106.6,90,Bottom,R0603
R113,120.595,106.6,90,Bottom,R0603
R114,127.3,106.3,0,Bottom,R0603
R115,117.7,106.3,0,Bottom,R0603
R116,49.3,106.3,0,Bottom,R0603
R117,39.7,106.3,0,Bottom,R0603
R118,45.135,119.6,90,Bottom,R0603
R119,42.595,119.6,90,Bottom,R0603
R120,71.135,119.6,90,Bottom,R0603
R121,68.595,119.6,90,Bottom,R0603
R122,75.3,119.3,0,Bottom,R0603
R123,65.7,119.3,0,Bottom,R0603
R124,97.135,119.6,90,Bottom,R0603
R125,94.595,119.6,90,Bottom,R0603
R126,101.3,119.3,0,Bottom,R0603
R127,91.7,119.3,0,Bottom,R0603
R128,123.135,119.6,90,Bottom,R0603
R129,120.595,119.6,90,Bottom,R0603
R130,127.3,119.3,0,Bottom,R0603
R131,117.7,119.3,0,Bottom,R0603
R132,49.3,119.3,0,Bottom,R0603
R133,39.7,119.3,0,Bottom,R0603
R135,37.5,131.0,0,Bottom,R0603
R136,37.5,134.0,0,Bottom,R0603
R137,34.0,132.0,90,Bottom,R0603
R138,38.0,129.0,90,Bottom,R0603
U1,12.0,23.0,270,Bottom,SOIC-16_L9.9-W3.9-P1.27-LS6.0-BL
U2,44.5,24.2,180,Bottom,SOIC-8_L4.9-W3.9-P1.27-LS6.0-BL
U3,70.5,24.2,180,Bottom,SOIC-8_L4.9-W3.9-P1.27-LS6.0-BL
U4,96.5,24.2,180,Bottom,SOIC-8_L4.9-W3.9-P1.27-LS6.0-BL
U5,122.5,24.2,180,Bottom,SOIC-8_L4.9-W3.9-P1.27-LS6.0-BL
U6,38.0,20.0,0,Top,SENSOR-TH_BD9.9-P5.00-D0.7_MA40S4S
U7,51.0,20.0,0,Top,SENSOR-TH_BD9.9-P5.00-D0.7_MA40S4S
U8,64.0,20.0,0,Top,SENSOR-TH_BD9.9-P5.00-D0.7_MA40S4S
U9,77.0,20.0,0,Top,SENSOR-TH_BD9.9-P5.00-D0.7_MA40S4S
U10,90.0,20.0,0,Top,SENSOR-TH_BD9.9-P5.00-D0.7_MA40S4S
U11,103.0,20.0,0,Top,SENSOR-TH_BD9.9-P5.00-D0.7_MA40S4S
U12,116.0,20.0,0,Top,SENSOR-TH_BD9.9-P5.00-D0.7_MA40S4S
U13,129.0,20.0,0,Top,SENSOR-TH_BD9.9-P5.00-D0.7_MA40S4S
U14,12.0,36.0,270,Bottom,SOIC-16_L9.9-W3.9-P1.27-LS6.0-BL
U15,44.5,37.2,180,Bottom,SOIC-8_L4.9-W3.9-P1.27-LS6.0-BL
U16,70.5,37.2,180,Bottom,SOIC-8_L4.9-W3.9-P1.27-LS6.0-BL
U17,96.5,37.2,180,Bottom,SOIC-8_L4.9-W3.9-P1.27-LS6.0-BL
U18,122.5,37.2,180,Bottom,SOIC-8_L4.9-W3.9-P1.27-LS6.0-BL
U19,38.0,33.0,0,Top,SENSOR-TH_BD9.9-P5.00-D0.7_MA40S4S
U20,51.0,33.0,0,Top,SENSOR-TH_BD9.9-P5.00-D0.7_MA40S4S
U21,64.0,33.0,0,Top,SENSOR-TH_BD9.9-P5.00-D0.7_MA40S4S
U22,77.0,33.0,0,Top,SENSOR-TH_BD9.9-P5.00-D0.7_MA40S4S
U23,90.0,33.0,0,Top,SENSOR-TH_BD9.9-P5.00-D0.7_MA40S4S
U24,103.0,33.0,0,Top,SENSOR-TH_BD9.9-P5.00-D0.7_MA40S4S
U25,116.0,33.0,0,Top,SENSOR-TH_BD9.9-P5.00-D0.7_MA40S4S
U26,129.0,33.0,0,Top,SENSOR-TH_BD9.9-P5.00-D0.7_MA40S4S
U27,14.0,134.0,180,Bottom,SOT-23-6_L2.9-W1.6-P0.95-LS2.8-BR
U28,117.0,133.0,90,Bottom,XT30-TH_XT30PW-M20.G.Y
U29,12.0,49.0,270,Bottom,SOIC-16_L9.9-W3.9-P1.27-LS6.0-BL
U30,44.5,50.2,180,Bottom,SOIC-8_L4.9-W3.9-P1.27-LS6.0-BL
U31,70.5,50.2,180,Bottom,SOIC-8_L4.9-W3.9-P1.27-LS6.0-BL
U32,96.5,50.2,180,Bottom,SOIC-8_L4.9-W3.9-P1.27-LS6.0-BL
U33,122.5,50.2,180,Bottom,SOIC-8_L4.9-W3.9-P1.27-LS6.0-BL
U34,38.0,46.0,0,Top,SENSOR-TH_BD9.9-P5.00-D0.7_MA40S4S
U35,51.0,46.0,0,Top,SENSOR-TH_BD9.9-P5.00-D0.7_MA40S4S
U36,64.0,46.0,0,Top,SENSOR-TH_BD9.9-P5.00-D0.7_MA40S4S
U37,77.0,46.0,0,Top,SENSOR-TH_BD9.9-P5.00-D0.7_MA40S4S
U38,90.0,46.0,0,Top,SENSOR-TH_BD9.9-P5.00-D0.7_MA40S4S
U39,103.0,46.0,0,Top,SENSOR-TH_BD9.9-P5.00-D0.7_MA40S4S
U40,116.0,46.0,0,Top,SENSOR-TH_BD9.9-P5.00-D0.7_MA40S4S
U41,129.0,46.0,0,Top,SENSOR-TH_BD9.9-P5.00-D0.7_MA40S4S
U42,12.0,62.0,270,Bottom,SOIC-16_L9.9-W3.9-P1.27-LS6.0-BL
U43,44.5,63.2,180,Bottom,SOIC-8_L4.9-W3.9-P1.27-LS6.0-BL
U44,70.5,63.2,180,Bottom,SOIC-8_L4.9-W3.9-P1.27-LS6.0-BL
U45,96.5,63.2,180,Bottom,SOIC-8_L4.9-W3.9-P1.27-LS6.0-BL
U46,122.5,63.2,180,Bottom,SOIC-8_L4.9-W3.9-P1.27-LS6.0-BL
U47,38.0,59.0,0,Top,SENSOR-TH_BD9.9-P5.00-D0.7_MA40S4S
U48,51.0,59.0,0,Top,SENSOR-TH_BD9.9-P5.00-D0.7_MA40S4S
U49,64.0,59.0,0,Top,SENSOR-TH_BD9.9-P5.00-D0.7_MA40S4S
U50,77.0,59.0,0,Top,SENSOR-TH_BD9.9-P5.00-D0.7_MA40S4S
U51,90.0,59.0,0,Top,SENSOR-TH_BD9.9-P5.00-D0.7_MA40S4S
U52,103.0,59.0,0,Top,SENSOR-TH_BD9.9-P5.00-D0.7_MA40S4S
U53,116.0,59.0,0,Top,SENSOR-TH_BD9.9-P5.00-D0.7_MA40S4S
U54,129.0,59.0,0,Top,SENSOR-TH_BD9.9-P5.00-D0.7_MA40S4S
U55,12.0,75.0,270,Bottom,SOIC-16_L9.9-W3.9-P1.27-LS6.0-BL
U56,44.5,76.2,180,Bottom,SOIC-8_L4.9-W3.9-P1.27-LS6.0-BL
U57,70.5,76.2,180,Bottom,SOIC-8_L4.9-W3.9-P1.27-LS6.0-BL
U58,96.5,76.2,180,Bottom,SOIC-8_L4.9-W3.9-P1.27-LS6.0-BL
U59,122.5,76.2,180,Bottom,SOIC-8_L4.9-W3.9-P1.27-LS6.0-BL
U60,38.0,72.0,0,Top,SENSOR-TH_BD9.9-P5.00-D0.7_MA40S4S
U61,51.0,72.0,0,Top,SENSOR-TH_BD9.9-P5.00-D0.7_MA40S4S
U62,64.0,72.0,0,Top,SENSOR-TH_BD9.9-P5.00-D0.7_MA40S4S
U63,77.0,72.0,0,Top,SENSOR-TH_BD9.9-P5.00-D0.7_MA40S4S
U64,90.0,72.0,0,Top,SENSOR-TH_BD9.9-P5.00-D0.7_MA40S4S
U65,103.0,72.0,0,Top,SENSOR-TH_BD9.9-P5.00-D0.7_MA40S4S
U66,116.0,72.0,0,Top,SENSOR-TH_BD9.9-P5.00-D0.7_MA40S4S
U67,129.0,72.0,0,Top,SENSOR-TH_BD9.9-P5.00-D0.7_MA40S4S
U68,12.0,88.0,270,Bottom,SOIC-16_L9.9-W3.9-P1.27-LS6.0-BL
U69,44.5,89.2,180,Bottom,SOIC-8_L4.9-W3.9-P1.27-LS6.0-BL
U70,70.5,89.2,180,Bottom,SOIC-8_L4.9-W3.9-P1.27-LS6.0-BL
U71,96.5,89.2,180,Bottom,SOIC-8_L4.9-W3.9-P1.27-LS6.0-BL
U72,122.5,89.2,180,Bottom,SOIC-8_L4.9-W3.9-P1.27-LS6.0-BL
U73,38.0,85.0,0,Top,SENSOR-TH_BD9.9-P5.00-D0.7_MA40S4S
U74,51.0,85.0,0,Top,SENSOR-TH_BD9.9-P5.00-D0.7_MA40S4S
U75,64.0,85.0,0,Top,SENSOR-TH_BD9.9-P5.00-D0.7_MA40S4S
U76,77.0,85.0,0,Top,SENSOR-TH_BD9.9-P5.00-D0.7_MA40S4S
U77,90.0,85.0,0,Top,SENSOR-TH_BD9.9-P5.00-D0.7_MA40S4S
U78,103.0,85.0,0,Top,SENSOR-TH_BD9.9-P5.00-D0.7_MA40S4S
U79,116.0,85.0,0,Top,SENSOR-TH_BD9.9-P5.00-D0.7_MA40S4S
U80,129.0,85.0,0,Top,SENSOR-TH_BD9.9-P5.00-D0.7_MA40S4S
U81,12.0,101.0,270,Bottom,SOIC-16_L9.9-W3.9-P1.27-LS6.0-BL
U82,44.5,102.2,180,Bottom,SOIC-8_L4.9-W3.9-P1.27-LS6.0-BL
U83,70.5,102.2,180,Bottom,SOIC-8_L4.9-W3.9-P1.27-LS6.0-BL
U84,96.5,102.2,180,Bottom,SOIC-8_L4.9-W3.9-P1.27-LS6.0-BL
U85,122.5,102.2,180,Bottom,SOIC-8_L4.9-W3.9-P1.27-LS6.0-BL
U86,38.0,98.0,0,Top,SENSOR-TH_BD9.9-P5.00-D0.7_MA40S4S
U87,51.0,98.0,0,Top,SENSOR-TH_BD9.9-P5.00-D0.7_MA40S4S
U88,64.0,98.0,0,Top,SENSOR-TH_BD9.9-P5.00-D0.7_MA40S4S
U89,77.0,98.0,0,Top,SENSOR-TH_BD9.9-P5.00-D0.7_MA40S4S
U90,90.0,98.0,0,Top,SENSOR-TH_BD9.9-P5.00-D0.7_MA40S4S
U91,103.0,98.0,0,Top,SENSOR-TH_BD9.9-P5.00-D0.7_MA40S4S
U92,116.0,98.0,0,Top,SENSOR-TH_BD9.9-P5.00-D0.7_MA40S4S
U93,129.0,98.0,0,Top,SENSOR-TH_BD9.9-P5.00-D0.7_MA40S4S
U94,12.0,114.0,270,Bottom,SOIC-16_L9.9-W3.9-P1.27-LS6.0-BL
U95,44.5,115.2,180,Bottom,SOIC-8_L4.9-W3.9-P1.27-LS6.0-BL
U96,70.5,115.2,180,Bottom,SOIC-8_L4.9-W3.9-P1.27-LS6.0-BL
U97,96.5,115.2,180,Bottom,SOIC-8_L4.9-W3.9-P1.27-LS6.0-BL
U98,122.5,115.2,180,Bottom,SOIC-8_L4.9-W3.9-P1.27-LS6.0-BL
U99,38.0,111.0,0,Top,SENSOR-TH_BD9.9-P5.00-D0.7_MA40S4S
U100,51.0,111.0,0,Top,SENSOR-TH_BD9.9-P5.00-D0.7_MA40S4S
U101,64.0,111.0,0,Top,SENSOR-TH_BD9.9-P5.00-D0.7_MA40S4S
U102,77.0,111.0,0,Top,SENSOR-TH_BD9.9-P5.00-D0.7_MA40S4S
U103,90.0,111.0,0,Top,SENSOR-TH_BD9.9-P5.00-D0.7_MA40S4S
U104,103.0,111.0,0,Top,SENSOR-TH_BD9.9-P5.00-D0.7_MA40S4S
U105,116.0,111.0,0,Top,SENSOR-TH_BD9.9-P5.00-D0.7_MA40S4S
U106,129.0,111.0,0,Top,SENSOR-TH_BD9.9-P5.00-D0.7_MA40S4S
